{"5d6c9231000000000201dd4b_2.jpg": 0.5379308462142944, "5d6c9231000000000201dd4b_3.jpg": 0.2747983932495117, "5d6c9231000000000201dd4b_4.jpg": 0.37764495611190796, "5d6c9231000000000201dd4b_5.jpg": 0.3221375346183777, "5d6f4852000000000201ba5b_0.jpg": 0.30317315459251404, "5d7bc77f0000000002023cb2_0.jpg": 0.3381483256816864, "5d7d1a2e0000000002021577_0.jpg": 0.2650774419307709, "5d7e4b820000000002021e36_0.jpg": 0.2817751467227936, "5d7e4b820000000002021e36_1.jpg": 0.33803898096084595, "5d7e4b820000000002021e36_2.jpg": 0.31395357847213745, "5d7e4b820000000002021e36_3.jpg": 0.3315739929676056, "5d7e4b820000000002021e36_4.jpg": 0.35072144865989685, "5d7e4b820000000002021e36_5.jpg": 0.32794472575187683, "5d8b2f8e0000000004019fec_0.jpg": 0.295699805021286, "5d9a9a0500000000040192b8_0.jpg": 0.33706414699554443, "5d9a9a0500000000040192b8_1.jpg": 0.34592244029045105, "5d9a9a0500000000040192b8_2.jpg": 0.37078312039375305, "5d9a9a0500000000040192b8_3.jpg": 0.28112855553627014}