笔记id,M_Culture_Polarity,Control_Modern_Norm,Raw_Diff,Score_East_Raw,Score_East_Norm,Score_West_Raw,Score_West_Norm,Score_Modern_Raw
5d5a3a0200000000020223ab,0.6313156885358354,0.39753179286884727,0.027044347103904243,0.3360390750800862,0.21801239332477865,0.30899472797618194,0.08717847729775928,0.31888352948076587
5dce12ff00000000010077c3,0.645297123941814,1.0,0.03027315224920002,0.35615808623177664,1.0,0.3258849339825766,1.0,0.33088251096861704
5de31bf1000000000100589e,0.6031081333653706,0.0,0.021034510930379224,0.3304300427436829,0.0,0.30939553181330365,0.10883969142195789,0.31096613804499307
5dfd959a0000000001008982,0.6247978278940528,0.2684911619437405,0.02580738067626953,0.3331890195608139,0.107236168906813,0.3073816388845444,0.0,0.3163135081529617
